<?xml version="1.0" encoding="UTF-8"?>
<GenRun Id="impl_1" LaunchPart="xc7a35tcpg236-1" LaunchTime="1716252056">
  <File Type="ROUTE-PWR" Name="uart_controller_power_routed.rpt"/>
  <File Type="PA-TCL" Name="uart_controller.tcl"/>
  <File Type="ROUTE-PWR-SUM" Name="uart_controller_power_summary_routed.pb"/>
  <File Type="REPORTS-TCL" Name="uart_controller_reports.tcl"/>
  <File Type="OPT-RQA-PB" Name="uart_controller_rqa_opted.pb"/>
  <File Type="BITSTR-MMI" Name="uart_controller.mmi"/>
  <File Type="OPT-METHODOLOGY-DRC" Name="uart_controller_methodology_drc_opted.rpt"/>
  <File Type="INIT-TIMING" Name="uart_controller_timing_summary_init.rpt"/>
  <File Type="OPT-TIMING" Name="uart_controller_timing_summary_opted.rpt"/>
  <File Type="OPT-DCP" Name="uart_controller_opt.dcp"/>
  <File Type="OPT-DRC" Name="uart_controller_drc_opted.rpt"/>
  <File Type="OPT-HWDEF" Name="uart_controller.hwdef"/>
  <File Type="PWROPT-DCP" Name="uart_controller_pwropt.dcp"/>
  <File Type="PWROPT-DRC" Name="uart_controller_drc_pwropted.rpt"/>
  <File Type="PWROPT-TIMING" Name="uart_controller_timing_summary_pwropted.rpt"/>
  <File Type="PLACE-DCP" Name="uart_controller_placed.dcp"/>
  <File Type="PLACE-IO" Name="uart_controller_io_placed.rpt"/>
  <File Type="PLACE-CLK" Name="uart_controller_clock_utilization_placed.rpt"/>
  <File Type="PLACE-UTIL" Name="uart_controller_utilization_placed.rpt"/>
  <File Type="PLACE-UTIL-PB" Name="uart_controller_utilization_placed.pb"/>
  <File Type="PLACE-CTRL" Name="uart_controller_control_sets_placed.rpt"/>
  <File Type="PLACE-SIMILARITY" Name="uart_controller_incremental_reuse_placed.rpt"/>
  <File Type="PLACE-PRE-SIMILARITY" Name="uart_controller_incremental_reuse_pre_placed.rpt"/>
  <File Type="BG-BIN" Name="uart_controller.bin"/>
  <File Type="PLACE-TIMING" Name="uart_controller_timing_summary_placed.rpt"/>
  <File Type="ROUTE-PWR-RPX" Name="uart_controller_power_routed.rpx"/>
  <File Type="PLACE-RQA-PB" Name="uart_controller_rqa_placed.pb"/>
  <File Type="POSTPLACE-PWROPT-DCP" Name="uart_controller_postplace_pwropt.dcp"/>
  <File Type="BITSTR-MSK" Name="uart_controller.msk"/>
  <File Type="POSTPLACE-PWROPT-TIMING" Name="uart_controller_timing_summary_postplace_pwropted.rpt"/>
  <File Type="PHYSOPT-DCP" Name="uart_controller_physopt.dcp"/>
  <File Type="PHYSOPT-DRC" Name="uart_controller_drc_physopted.rpt"/>
  <File Type="BITSTR-RBT" Name="uart_controller.rbt"/>
  <File Type="PHYSOPT-TIMING" Name="uart_controller_timing_summary_physopted.rpt"/>
  <File Type="ROUTE-ERROR-DCP" Name="uart_controller_routed_error.dcp"/>
  <File Type="ROUTE-DCP" Name="uart_controller_routed.dcp"/>
  <File Type="ROUTE-BLACKBOX-DCP" Name="uart_controller_routed_bb.dcp"/>
  <File Type="ROUTE-DRC" Name="uart_controller_drc_routed.rpt"/>
  <File Type="ROUTE-DRC-PB" Name="uart_controller_drc_routed.pb"/>
  <File Type="ROUTE-DRC-RPX" Name="uart_controller_drc_routed.rpx"/>
  <File Type="ROUTE-METHODOLOGY-DRC" Name="uart_controller_methodology_drc_routed.rpt"/>
  <File Type="ROUTE-METHODOLOGY-DRC-RPX" Name="uart_controller_methodology_drc_routed.rpx"/>
  <File Type="ROUTE-METHODOLOGY-DRC-PB" Name="uart_controller_methodology_drc_routed.pb"/>
  <File Type="ROUTE-RQS-PB" Name="uart_controller_rqs_routed.pb"/>
  <File Type="ROUTE-STATUS" Name="uart_controller_route_status.rpt"/>
  <File Type="ROUTE-STATUS-PB" Name="uart_controller_route_status.pb"/>
  <File Type="ROUTE-TIMINGSUMMARY" Name="uart_controller_timing_summary_routed.rpt"/>
  <File Type="ROUTE-TIMING-PB" Name="uart_controller_timing_summary_routed.pb"/>
  <File Type="ROUTE-TIMING-RPX" Name="uart_controller_timing_summary_routed.rpx"/>
  <File Type="ROUTE-SIMILARITY" Name="uart_controller_incremental_reuse_routed.rpt"/>
  <File Type="ROUTE-CLK" Name="uart_controller_clock_utilization_routed.rpt"/>
  <File Type="ROUTE-BUS-SKEW" Name="uart_controller_bus_skew_routed.rpt"/>
  <File Type="ROUTE-BUS-SKEW-PB" Name="uart_controller_bus_skew_routed.pb"/>
  <File Type="ROUTE-BUS-SKEW-RPX" Name="uart_controller_bus_skew_routed.rpx"/>
  <File Type="POSTROUTE-PHYSOPT-DCP" Name="uart_controller_postroute_physopt.dcp"/>
  <File Type="POSTROUTE-PHYSOPT-BLACKBOX-DCP" Name="uart_controller_postroute_physopt_bb.dcp"/>
  <File Type="POSTROUTE-PHYSOPT-TIMING" Name="FSM_UART_timing_summary_postroute_physopted.rpt"/>
  <File Type="POSTROUTE-PHYSOPT-TIMING-PB" Name="FSM_UART_timing_summary_postroute_physopted.pb"/>
  <File Type="POSTROUTE-PHYSOPT-TIMING-RPX" Name="FSM_UART_timing_summary_postroute_physopted.rpx"/>
  <File Type="POSTROUTE-PHYSOPT-BUS-SKEW" Name="FSM_UART_bus_skew_postroute_physopted.rpt"/>
  <File Type="BG-BIT" Name="uart_controller.bit"/>
  <File Type="POSTROUTE-PHYSOPT-BUS-SKEW-PB" Name="FSM_UART_bus_skew_postroute_physopted.pb"/>
  <File Type="POSTROUTE-PHYSOPT-BUS-SKEW-RPX" Name="FSM_UART_bus_skew_postroute_physopted.rpx"/>
  <File Type="BITSTR-NKY" Name="uart_controller.nky"/>
  <File Type="BITSTR-BMM" Name="uart_controller_bd.bmm"/>
  <File Type="PDI-FILE" Name="uart_controller.pdi"/>
  <File Type="BOOT-PDI-FILE" Name="uart_controller_boot.pdi"/>
  <File Type="PL-PDI-FILE" Name="uart_controller_pld.pdi"/>
  <File Type="RCFI_FILE" Name="uart_controller.rcfi"/>
  <File Type="CFI_FILE" Name="uart_controller.cfi"/>
  <File Type="RNPI_FILE" Name="uart_controller.rnpi"/>
  <File Type="NPI_FILE" Name="uart_controller.npi"/>
  <File Type="RBD_FILE" Name="uart_controller.rbd"/>
  <File Type="BITSTR-LTX" Name="debug_nets.ltx"/>
  <File Type="BITSTR-LTX" Name="uart_controller.ltx"/>
  <File Type="BITSTR-SYSDEF" Name="uart_controller.sysdef"/>
  <File Type="BG-BGN" Name="uart_controller.bgn"/>
  <File Type="BG-DRC" Name="uart_controller.drc"/>
  <File Type="RDI-RDI" Name="uart_controller.vdi"/>
  <File Type="WBT-USG" Name="usage_statistics_webtalk.html"/>
  <File Type="ROUTE-RQS" Name="uart_controller_routed.rqs"/>
  <File Type="POSTROUTE-PHYSOPT-RQS" Name="uart_controller_postroute_physopted.rqs"/>
  <File Type="ROUTE-RQS-RPT" Name="route_report_qor_suggestions_0.rpt"/>
  <File Type="POSTROUTE-PHYSOPT-RQS-RPT" Name="postroute_physopt_report_qor_suggestions_0.rpt"/>
  <FileSet Name="sources" Type="DesignSrcs" RelSrcDir="$PSRCDIR/sources_1" RelGenDir="$PGENDIR/sources_1">
    <Filter Type="Srcs"/>
    <File Path="$PSRCDIR/sources_1/new/timer_imput.v">
      <FileInfo>
        <Attr Name="UsedIn" Val="synthesis"/>
        <Attr Name="UsedIn" Val="implementation"/>
        <Attr Name="UsedIn" Val="simulation"/>
      </FileInfo>
    </File>
    <File Path="$PSRCDIR/sources_1/new/uart1.v">
      <FileInfo>
        <Attr Name="UsedIn" Val="synthesis"/>
        <Attr Name="UsedIn" Val="implementation"/>
        <Attr Name="UsedIn" Val="simulation"/>
      </FileInfo>
    </File>
    <File Path="$PSRCDIR/sources_1/new/uart_rx.v">
      <FileInfo>
        <Attr Name="UsedIn" Val="synthesis"/>
        <Attr Name="UsedIn" Val="implementation"/>
        <Attr Name="UsedIn" Val="simulation"/>
      </FileInfo>
    </File>
    <File Path="$PSRCDIR/sources_1/new/uart_tx.v">
      <FileInfo>
        <Attr Name="UsedIn" Val="synthesis"/>
        <Attr Name="UsedIn" Val="implementation"/>
        <Attr Name="UsedIn" Val="simulation"/>
      </FileInfo>
    </File>
    <File Path="$PSRCDIR/sources_1/new/FSM_UART.v">
      <FileInfo>
        <Attr Name="UsedIn" Val="synthesis"/>
        <Attr Name="UsedIn" Val="implementation"/>
        <Attr Name="UsedIn" Val="simulation"/>
      </FileInfo>
    </File>
    <Config>
      <Option Name="DesignMode" Val="RTL"/>
      <Option Name="TopModule" Val="uart_controller"/>
      <Option Name="TopAutoSet" Val="TRUE"/>
    </Config>
  </FileSet>
  <FileSet Name="constrs_in" Type="Constrs" RelSrcDir="$PSRCDIR/constrs_1" RelGenDir="$PGENDIR/constrs_1">
    <Filter Type="Constrs"/>
    <File Path="$PSRCDIR/constrs_1/new/basys3.xdc">
      <FileInfo>
        <Attr Name="UsedIn" Val="synthesis"/>
        <Attr Name="UsedIn" Val="implementation"/>
      </FileInfo>
    </File>
    <Config>
      <Option Name="ConstrsType" Val="XDC"/>
    </Config>
  </FileSet>
  <FileSet Name="utils" Type="Utils" RelSrcDir="$PSRCDIR/utils_1" RelGenDir="$PGENDIR/utils_1">
    <Filter Type="Utils"/>
    <File Path="$PSRCDIR/utils_1/imports/synth_1/uart1.dcp">
      <FileInfo>
        <Attr Name="UsedIn" Val="synthesis"/>
        <Attr Name="UsedIn" Val="implementation"/>
        <Attr Name="UsedInSteps" Val="synth_1"/>
        <Attr Name="AutoDcp" Val="1"/>
      </FileInfo>
    </File>
    <Config>
      <Option Name="TopAutoSet" Val="TRUE"/>
    </Config>
  </FileSet>
  <Strategy Version="1" Minor="2">
    <StratHandle Name="Vivado Implementation Defaults" Flow="Vivado Implementation 2023"/>
    <Step Id="init_design"/>
    <Step Id="opt_design"/>
    <Step Id="power_opt_design"/>
    <Step Id="place_design"/>
    <Step Id="post_place_power_opt_design"/>
    <Step Id="phys_opt_design"/>
    <Step Id="route_design"/>
    <Step Id="post_route_phys_opt_design"/>
    <Step Id="write_bitstream"/>
  </Strategy>
  <BlockFileSet Type="BlockSrcs" Name="fifo_generator_0"/>
</GenRun>
